street,suburb,lat,lng,date,count,address,ref,archiveUrl,licenseUrl,thumb,shoot_dates,update_batch,thumbs,images,titles
Edward Street / Margaret Street,Brisbane City,-27.471384,153.029910,16/8/2026,3,Edward Street / Margaret Street,PX-20260816-0786,https://www.photoindex.au/?search=%22port%20office%22,https://www.photoindex.au/licensing,,16/8/2026,26 August 2026,https://d38zjy0x98992m.cloudfront.net/01a03c53-7e6a-7c6e-8142-ccb872a1f1e5/PX-20260816-0785_medthumb.jpg;https://d38zjy0x98992m.cloudfront.net/01a03c53-8ec6-7106-87fd-1f0c1308bf63/PX-20260816-0786_medthumb.jpg;https://d38zjy0x98992m.cloudfront.net/01a03c53-9af4-73f7-af78-849fb7daa6f7/PX-20260816-0788-Pano_medthumb.jpg,https://d38zjy0x98992m.cloudfront.net/01a03c53-7e6a-7c6e-8142-ccb872a1f1e5/PX-20260816-0785_wqxga.jpg;https://d38zjy0x98992m.cloudfront.net/01a03c53-8ec6-7106-87fd-1f0c1308bf63/PX-20260816-0786_wqxga.jpg;https://d38zjy0x98992m.cloudfront.net/01a03c53-9af4-73f7-af78-849fb7daa6f7/PX-20260816-0788-Pano_wqxga.jpg,Intersection Edward Street / Margaret Street;Edward Street / Margaret Street
Intersection Edward Street / Charlotte Street,Brisbane City,-27.469858,153.028411,16/8/2026,7,Edward Street / Charlotte Street,PX-20260816-0697,https://www.photoindex.au/?search=Edward+Street+%2F+Charlotte+Street&orientation=&license_type_id=,https://www.photoindex.au/licensing,,16/8/2026,26 August 2026,,,
Edward Street / Elizabeth Street,Brisbane City,-27.469095,153.027681,16/8/2026,4,Edward Street / Elizabeth Street,PX-20260816-0703-Pano,https://www.photoindex.au/?search=%22edward%20street%20%2F%20elizabeth%20street%22,https://www.photoindex.au/licensing,,16/8/2026,26 August 2026,https://d38zjy0x98992m.cloudfront.net/01a03cc2-12b9-728c-9a38-cb1abfcab155/PX-20260816-0701_medthumb.jpg;https://d38zjy0x98992m.cloudfront.net/01a03c52-0040-7e74-ac4c-33350b249298/PX-20260816-0703-Pano_medthumb.jpg;https://d38zjy0x98992m.cloudfront.net/01a03cd7-3973-76c2-8335-79b2a11e6b30/PX-20260816-0709-Pano_medthumb.jpg;https://d38zjy0x98992m.cloudfront.net/01a03cd7-55e7-7ede-a6bb-29af9ba957de/PX-20260816-0711_medthumb.jpg,https://d38zjy0x98992m.cloudfront.net/01a03cc2-12b9-728c-9a38-cb1abfcab155/PX-20260816-0701_wqxga.jpg;https://d38zjy0x98992m.cloudfront.net/01a03c52-0040-7e74-ac4c-33350b249298/PX-20260816-0703-Pano_wqxga.jpg;https://d38zjy0x98992m.cloudfront.net/01a03cd7-3973-76c2-8335-79b2a11e6b30/PX-20260816-0709-Pano_wqxga.jpg;https://d38zjy0x98992m.cloudfront.net/01a03cd7-55e7-7ede-a6bb-29af9ba957de/PX-20260816-0711_wqxga.jpg,Intersection Edward Street / Elizabeth Street;Edward Street / Elizabeth Street
167 Edward Street,Brisbane City,-27.469125,153.028011,16/8/2026,1,167 Edward Street,PX-20260816-0712-Pano,https://www.photoindex.au/media/01a03c52-3141-762d-a181-8404d818c75a?hit_num=1&hits=1&page=1&per_page=50&search=167+edward+street,https://www.photoindex.au/licensing,,16/8/2026,26 August 2026,https://d38zjy0x98992m.cloudfront.net/01a03c52-3141-762d-a181-8404d818c75a/PX-20260816-0712-Pano_medthumb.jpg,https://d38zjy0x98992m.cloudfront.net/01a03c52-3141-762d-a181-8404d818c75a/PX-20260816-0712-Pano_wqxga.jpg,167 Edward Street
171 Edward Street,Brisbane City,-27.469064,153.028001,16/8/2026,1,171 Edward Street,PX-20260816-0715,https://www.photoindex.au/-/archive/media/-/medias/01a03c52-4044-7779-a1b2-663802b14469-171-edward-street-16-august-2026,https://www.photoindex.au/licensing,,16/8/2026,26 August 2026,https://d38zjy0x98992m.cloudfront.net/01a03c52-4044-7779-a1b2-663802b14469/PX-20260816-0715_medthumb.jpg,https://d38zjy0x98992m.cloudfront.net/01a03c52-4044-7779-a1b2-663802b14469/PX-20260816-0715_wqxga.jpg,171 Edward Street
153 Edward Street,Brisbane City,-27.469264,153.028191,16/8/2026,1,153 Edward Street,PX-20260816-0718-Pano,https://www.photoindex.au/-/archive/media/-/medias/01a03c52-4044-7779-a1b2-663802b14469-171-edward-street-16-august-2026,https://www.photoindex.au/licensing,,16/8/2026,26 August 2026,https://d38zjy0x98992m.cloudfront.net/01a03c59-1b47-7912-afb6-fef3cf6057c9/PX-20260816-0718-Pano_medthumb.jpg,https://d38zjy0x98992m.cloudfront.net/01a03c59-1b47-7912-afb6-fef3cf6057c9/PX-20260816-0718-Pano_wqxga.jpg,153 Edward Street
143 Edward Street,Brisbane City,-27.469399,153.028354,16/8/2026,1,143 Edward Street,PX-20260816-0720-Pano,https://www.photoindex.au/media/01a03c52-5b8c-7319-8d5b-084c377ca2eb?hit_num=1&hits=1&page=1&per_page=50&search=%22px-20260816-0720-pano%22,https://www.photoindex.au/licensing,,16/8/2026,26 August 2026,https://d38zjy0x98992m.cloudfront.net/01a03c52-5b8c-7319-8d5b-084c377ca2eb/PX-20260816-0720-Pano_medthumb.jpg,https://d38zjy0x98992m.cloudfront.net/01a03c52-5b8c-7319-8d5b-084c377ca2eb/PX-20260816-0720-Pano_wqxga.jpg,143 Edward Street
Charlotte Street,Brisbane City,-27.468943,153.029478,16/8/2026,1,Charlotte Street,PX-20260816-0752,https://www.photoindex.au/?search=%22px-20260816-0752%22,https://www.photoindex.au/licensing,,16/8/2026,26 August 2026,https://d38zjy0x98992m.cloudfront.net/01a03c52-d257-7bdd-a556-6ea4bdfe3711/PX-20260816-0752_medthumb.jpg,https://d38zjy0x98992m.cloudfront.net/01a03c52-d257-7bdd-a556-6ea4bdfe3711/PX-20260816-0752_wqxga.jpg,Charlotte Street
71 Eagle Street,Brisbane City,-27.468051,153.030391,16/8/2026,1,71 Eagle Street,PX-20260816-0754,https://www.photoindex.au/media/01a03c52-e2e8-7722-8197-3fa5be83a2dc?hit_num=1&hits=1&page=1&per_page=50&search=71+Eagle+Street,https://www.photoindex.au/licensing,,16/8/2026,26 August 2026,https://d38zjy0x98992m.cloudfront.net/01a03c52-e2e8-7722-8197-3fa5be83a2dc/PX-20260816-0754_medthumb.jpg,https://d38zjy0x98992m.cloudfront.net/01a03c52-e2e8-7722-8197-3fa5be83a2dc/PX-20260816-0754_wqxga.jpg,71 Eagle Street
Eagle Street,Brisbane City,-27.469072,153.030512,16/8/2026,3,Waterfront Brisbane,PX-20260816-0755-Pano,https://www.photoindex.au/?search=waterfront+brisbane&orientation=&license_type_id=,https://www.photoindex.au/licensing,,16/8/2026,26 August 2026,https://d38zjy0x98992m.cloudfront.net/01a03c52-f0b3-7431-9fe4-9192039c6335/PX-20260816-0755-Pano_medthumb.jpg;https://d38zjy0x98992m.cloudfront.net/01a03c53-05e0-722b-bd15-866b16bbfe5b/PX-20260816-0757-Pano_medthumb.jpg;https://d38zjy0x98992m.cloudfront.net/01a03c53-32c9-7a64-b289-941683ddae29/PX-20260816-0777-Pano_medthumb.jpg,https://d38zjy0x98992m.cloudfront.net/01a03c52-f0b3-7431-9fe4-9192039c6335/PX-20260816-0755-Pano_wqxga.jpg;https://d38zjy0x98992m.cloudfront.net/01a03c53-05e0-722b-bd15-866b16bbfe5b/PX-20260816-0757-Pano_wqxga.jpg;https://d38zjy0x98992m.cloudfront.net/01a03c53-32c9-7a64-b289-941683ddae29/PX-20260816-0777-Pano_wqxga.jpg,Waterfront Brisbane;Eagle Street
Felix Street / Mary Street,Brisbane City,-27.470058,153.030110,16/8/2026,1,Naldham House,PX-20260816-0768,https://www.photoindex.au/?search=%22naldham%20house%22,https://www.photoindex.au/licensing,,16/8/2026,26 August 2026,https://d38zjy0x98992m.cloudfront.net/01a03c53-1d14-7147-8ae6-e21a2c0623bb/PX-20260816-0768_medthumb.jpg,https://d38zjy0x98992m.cloudfront.net/01a03c53-1d14-7147-8ae6-e21a2c0623bb/PX-20260816-0768_wqxga.jpg,Naldham House;Felix Street / Mary Street
Edward Street,Brisbane City,-27.470402,153.028726,16/8/2026,3,106 Edward Street,PX-20260816-0780,https://www.photoindex.au/?search=+106+Edward+Street&orientation=&license_type_id=,https://www.photoindex.au/licensing,,16/8/2026,26 August 2026,https://d38zjy0x98992m.cloudfront.net/01a04179-63a8-741f-812a-e3b9ecd37024/PX-20260816-0780_medthumb.jpg;https://d38zjy0x98992m.cloudfront.net/01a04179-8406-7357-af2c-88a720688626/PX-20260816-0782_medthumb.jpg;https://d38zjy0x98992m.cloudfront.net/01a04179-9dca-71f4-8987-a2e5c30b95da/PX-20260816-0783_medthumb.jpg,https://d38zjy0x98992m.cloudfront.net/01a04179-63a8-741f-812a-e3b9ecd37024/PX-20260816-0780_wqxga.jpg;https://d38zjy0x98992m.cloudfront.net/01a04179-8406-7357-af2c-88a720688626/PX-20260816-0782_wqxga.jpg;https://d38zjy0x98992m.cloudfront.net/01a04179-9dca-71f4-8987-a2e5c30b95da/PX-20260816-0783_wqxga.jpg,106 Edward Street;Edward Street
"299 Coronation Drive, Milton",Milton,-27.473286,153.004599,16/8/2026,7,"299 Coronation Drive, Milton",PX-20260816-0814-Pano,https://www.photoindex.au/?search=%22299%20coronation%20drive%2C%20milton%22,https://www.photoindex.au/licensing,,16/8/2026,26 August 2026,https://d38zjy0x98992m.cloudfront.net/01a03d07-2703-7c10-8c74-fb54a67bd56e/PX-20260816-0802_medthumb.jpg;https://d38zjy0x98992m.cloudfront.net/01a03d07-4131-7f7c-8e68-c3016ff30923/PX-20260816-0812-Pano_medthumb.jpg;https://d38zjy0x98992m.cloudfront.net/01a03d07-5254-7888-8a3f-d9cf2c73547e/PX-20260816-0814-Pano_medthumb.jpg;https://d38zjy0x98992m.cloudfront.net/01a03d07-641a-771b-adc2-39633f44183f/PX-20260816-0823-Pano_medthumb.jpg;https://d38zjy0x98992m.cloudfront.net/01a03d07-760a-7890-b229-c76b761d8542/PX-20260816-0827-Pano_medthumb.jpg;https://d38zjy0x98992m.cloudfront.net/01a03d07-84d4-771e-bd9a-cf87456c5397/PX-20260816-0831-Pano_medthumb.jpg;https://d38zjy0x98992m.cloudfront.net/01a03d07-924b-77ad-8fa4-712a128cda1b/PX-20260816-0835-Pano_medthumb.jpg,https://d38zjy0x98992m.cloudfront.net/01a03d07-2703-7c10-8c74-fb54a67bd56e/PX-20260816-0802_wqxga.jpg;https://d38zjy0x98992m.cloudfront.net/01a03d07-4131-7f7c-8e68-c3016ff30923/PX-20260816-0812-Pano_wqxga.jpg;https://d38zjy0x98992m.cloudfront.net/01a03d07-5254-7888-8a3f-d9cf2c73547e/PX-20260816-0814-Pano_wqxga.jpg;https://d38zjy0x98992m.cloudfront.net/01a03d07-641a-771b-adc2-39633f44183f/PX-20260816-0823-Pano_wqxga.jpg;https://d38zjy0x98992m.cloudfront.net/01a03d07-760a-7890-b229-c76b761d8542/PX-20260816-0827-Pano_wqxga.jpg;https://d38zjy0x98992m.cloudfront.net/01a03d07-84d4-771e-bd9a-cf87456c5397/PX-20260816-0831-Pano_wqxga.jpg;https://d38zjy0x98992m.cloudfront.net/01a03d07-924b-77ad-8fa4-712a128cda1b/PX-20260816-0835-Pano_wqxga.jpg,"299 Coronation Drive, Milton"
"King Street (at Alexandria Street), Bowen Hills",Bowen Hills,-27.452787,153.034486,15/8/2026,5,King Street (at Alexandria Street),PX-20260815-0844-Pano,https://www.photoindex.au/media/01a0806b-809e-7540-b7e4-b76d42a9bb67-king-street-at-alexandria-street-bowen-hills-august-2026,https://www.photoindex.au/licensing,,15/8/2026,10 September 2026,https://d38zjy0x98992m.cloudfront.net/01a0891f-e9fd-77fd-a38e-790c9a263a12/PX-20260815-0842-Pano_medthumb.jpg;https://d38zjy0x98992m.cloudfront.net/01a08920-1871-7da2-9d73-72eccf79d0d6/PX-20260815-0844-Pano_medthumb.jpg;https://d38zjy0x98992m.cloudfront.net/01a08920-4509-7975-8047-69c22d512f1d/PX-20260815-0860-Pano_medthumb.jpg;https://d38zjy0x98992m.cloudfront.net/01a08920-649e-7fff-b656-545d8bfd82a3/PX-20260815-0863_medthumb.jpg;https://d38zjy0x98992m.cloudfront.net/01a08920-e3ff-7fca-898f-72e75cf6784a/PX-20260815-0882_medthumb.jpg,https://d38zjy0x98992m.cloudfront.net/01a0891f-e9fd-77fd-a38e-790c9a263a12/PX-20260815-0842-Pano_wqxga.jpg;https://d38zjy0x98992m.cloudfront.net/01a08920-1871-7da2-9d73-72eccf79d0d6/PX-20260815-0844-Pano_wqxga.jpg;https://d38zjy0x98992m.cloudfront.net/01a08920-4509-7975-8047-69c22d512f1d/PX-20260815-0860-Pano_wqxga.jpg;https://d38zjy0x98992m.cloudfront.net/01a08920-649e-7fff-b656-545d8bfd82a3/PX-20260815-0863_wqxga.jpg;https://d38zjy0x98992m.cloudfront.net/01a08920-e3ff-7fca-898f-72e75cf6784a/PX-20260815-0882_wqxga.jpg,"King Street (at Alexandria Street);King Street (at Alexandria Street), Bowen Hills"
"25 King Street, Bowen Hills",Bowen Hills,-27.452558,153.034186,15/8/2026,3,25 King Street,PX-20260815-0877,https://www.photoindex.au/media/01a0806b-e718-75c1-9659-fac10f5a935e-25-king-street-bowen-hills-august-2026,https://www.photoindex.au/licensing,,15/8/2026,10 September 2026,https://d38zjy0x98992m.cloudfront.net/01a08920-86e0-7231-9d04-f68975f5e05d/PX-20260815-0867_medthumb.jpg;https://d38zjy0x98992m.cloudfront.net/01a08920-a172-7e12-adff-d6f132773294/PX-20260815-0873-Pano_medthumb.jpg;https://d38zjy0x98992m.cloudfront.net/01a08920-c25b-74a4-a015-ab709a498bdb/PX-20260815-0877_medthumb.jpg,https://d38zjy0x98992m.cloudfront.net/01a08920-86e0-7231-9d04-f68975f5e05d/PX-20260815-0867_wqxga.jpg;https://d38zjy0x98992m.cloudfront.net/01a08920-a172-7e12-adff-d6f132773294/PX-20260815-0873-Pano_wqxga.jpg;https://d38zjy0x98992m.cloudfront.net/01a08920-c25b-74a4-a015-ab709a498bdb/PX-20260815-0877_wqxga.jpg,"25 King Street;25 King Street, Bowen Hills"
"1 Alexandria Street, Bowen Hills",Bowen Hills,-27.451903,153.034886,15/8/2026,1,1 Alexandria Street,PX-20260815-0857,https://www.photoindex.au/media/01a0806b-a539-7dcd-a753-f6c7fda812ca-1-alexandria-street-bowen-hills-august-2026,https://www.photoindex.au/licensing,,15/8/2026,10 September 2026,https://d38zjy0x98992m.cloudfront.net/01a08920-2bf1-704b-9352-6ce6d80a9ef1/PX-20260815-0857_medthumb.jpg,https://d38zjy0x98992m.cloudfront.net/01a08920-2bf1-704b-9352-6ce6d80a9ef1/PX-20260815-0857_wqxga.jpg,"1 Alexandria Street;1 Alexandria Street, Bowen Hills"
"275 Wickham Street, Fortitude Valley",Fortitude Valley,-27.455829,153.035817,15/8/2026,6,275 Wickham Street,PX-20260815-0903,https://www.photoindex.au/media/01a0806c-0fda-73a7-bbd8-b50936dae536-275-wickham-street-fortitude-valley-august-2026,https://www.photoindex.au/licensing,,15/8/2026,10 September 2026,https://d38zjy0x98992m.cloudfront.net/01a08920-54ed-71db-868c-207664ad16bd/PX-20260815-0894-Pano_medthumb.jpg;https://d38zjy0x98992m.cloudfront.net/01a08920-8c52-7f4d-b292-423d0a71852a/PX-20260815-0903_medthumb.jpg;https://d38zjy0x98992m.cloudfront.net/01a08920-ec85-7f9b-9cd1-a783ba7e7168/PX-20260815-0910-Pano_medthumb.jpg;https://d38zjy0x98992m.cloudfront.net/01a08921-17c9-7d2e-96c5-8411594b4a49/PX-20260815-0913_medthumb.jpg;https://d38zjy0x98992m.cloudfront.net/01a08921-38e6-71ce-9174-7ef00214d5e0/PX-20260815-0916_medthumb.jpg;https://d38zjy0x98992m.cloudfront.net/01a08921-5004-72c6-bbca-76623db17276/PX-20260815-0919_medthumb.jpg,https://d38zjy0x98992m.cloudfront.net/01a08920-54ed-71db-868c-207664ad16bd/PX-20260815-0894-Pano_wqxga.jpg;https://d38zjy0x98992m.cloudfront.net/01a08920-8c52-7f4d-b292-423d0a71852a/PX-20260815-0903_wqxga.jpg;https://d38zjy0x98992m.cloudfront.net/01a08920-ec85-7f9b-9cd1-a783ba7e7168/PX-20260815-0910-Pano_wqxga.jpg;https://d38zjy0x98992m.cloudfront.net/01a08921-17c9-7d2e-96c5-8411594b4a49/PX-20260815-0913_wqxga.jpg;https://d38zjy0x98992m.cloudfront.net/01a08921-38e6-71ce-9174-7ef00214d5e0/PX-20260815-0916_wqxga.jpg;https://d38zjy0x98992m.cloudfront.net/01a08921-5004-72c6-bbca-76623db17276/PX-20260815-0919_wqxga.jpg,"275 Wickham Street;275 Wickham Street, Fortitude Valley"
"Constance Street (at St Pauls Terrace), Fortitude Valley",Fortitude Valley,-27.454119,153.033972,15/8/2026,1,St Pauls Terrace (at Constance Street),PX-20260815-0888-Pano,https://www.photoindex.au/media/01a08073-348d-7354-b036-f49bcb502837-st-pauls-terrace-at-constance-street-fortitude-valley-augus,https://www.photoindex.au/licensing,,15/8/2026,10 September 2026,https://d38zjy0x98992m.cloudfront.net/01a08921-097f-7a1c-8cfd-ee05024bfcad/PX-20260815-0888-Pano_medthumb.jpg,https://d38zjy0x98992m.cloudfront.net/01a08921-097f-7a1c-8cfd-ee05024bfcad/PX-20260815-0888-Pano_wqxga.jpg,"St Pauls Terrace (at Constance Street);Constance Street (at St Pauls Terrace), Fortitude Valley"
"Valley Metro Car Park, Fortitude Valley",Fortitude Valley,-27.454925,153.034836,15/8/2026,1,52 Alfred Street,PX-20260815-0893,https://www.photoindex.au/media/01a08072-ea31-7a02-b793-40109ca04d99-52-alfred-street-fortitude-valley-august-2026,https://www.photoindex.au/licensing,,15/8/2026,10 September 2026,https://d38zjy0x98992m.cloudfront.net/01a08920-240d-77d1-8265-224ff9ca706d/PX-20260815-0893_medthumb.jpg,https://d38zjy0x98992m.cloudfront.net/01a08920-240d-77d1-8265-224ff9ca706d/PX-20260815-0893_wqxga.jpg,"52 Alfred Street;Valley Metro Car Park, Fortitude Valley"
"275 Wickham Street, Fortitude Valley",Fortitude Valley,-27.455483,153.035669,15/8/2026,6,275 Wickham Street,PX-20260815-0894-Pano,https://www.photoindex.au/media/01a0806b-f777-7816-9cd6-19519f7ffaca-275-wickham-street-fortitude-valley-august-2026,https://www.photoindex.au/licensing,,15/8/2026,10 September 2026,https://d38zjy0x98992m.cloudfront.net/01a08920-54ed-71db-868c-207664ad16bd/PX-20260815-0894-Pano_medthumb.jpg;https://d38zjy0x98992m.cloudfront.net/01a08920-8c52-7f4d-b292-423d0a71852a/PX-20260815-0903_medthumb.jpg;https://d38zjy0x98992m.cloudfront.net/01a08920-ec85-7f9b-9cd1-a783ba7e7168/PX-20260815-0910-Pano_medthumb.jpg;https://d38zjy0x98992m.cloudfront.net/01a08921-17c9-7d2e-96c5-8411594b4a49/PX-20260815-0913_medthumb.jpg;https://d38zjy0x98992m.cloudfront.net/01a08921-38e6-71ce-9174-7ef00214d5e0/PX-20260815-0916_medthumb.jpg;https://d38zjy0x98992m.cloudfront.net/01a08921-5004-72c6-bbca-76623db17276/PX-20260815-0919_medthumb.jpg,https://d38zjy0x98992m.cloudfront.net/01a08920-54ed-71db-868c-207664ad16bd/PX-20260815-0894-Pano_wqxga.jpg;https://d38zjy0x98992m.cloudfront.net/01a08920-8c52-7f4d-b292-423d0a71852a/PX-20260815-0903_wqxga.jpg;https://d38zjy0x98992m.cloudfront.net/01a08920-ec85-7f9b-9cd1-a783ba7e7168/PX-20260815-0910-Pano_wqxga.jpg;https://d38zjy0x98992m.cloudfront.net/01a08921-17c9-7d2e-96c5-8411594b4a49/PX-20260815-0913_wqxga.jpg;https://d38zjy0x98992m.cloudfront.net/01a08921-38e6-71ce-9174-7ef00214d5e0/PX-20260815-0916_wqxga.jpg;https://d38zjy0x98992m.cloudfront.net/01a08921-5004-72c6-bbca-76623db17276/PX-20260815-0919_wqxga.jpg,"275 Wickham Street;275 Wickham Street, Fortitude Valley"
"Ann Street (at Constance Street), Fortitude Valley",Fortitude Valley,-27.455739,153.035578,15/8/2026,1,Ann Street (at Constance Street),PX-20260815-0905,https://www.photoindex.au/media/01a08072-8577-7356-b87b-9a320f74f721-ann-street-at-constance-street-fortitude-valley-august-2026,https://www.photoindex.au/licensing,,15/8/2026,10 September 2026,https://d38zjy0x98992m.cloudfront.net/01a08920-afc8-70c8-b822-26dca4ade1ee/PX-20260815-0905_medthumb.jpg,https://d38zjy0x98992m.cloudfront.net/01a08920-afc8-70c8-b822-26dca4ade1ee/PX-20260815-0905_wqxga.jpg,"Ann Street (at Constance Street);Ann Street (at Constance Street), Fortitude Valley"
"275 Wickham Street, Fortitude Valley",Fortitude Valley,-27.455786,153.035875,15/8/2026,6,275 Wickham Street,PX-20260815-0910-Pano,https://www.photoindex.au/media/01a08072-4ed7-7859-8e81-98b587d46ca5-275-wickham-street-fortitude-valley-august-2026,https://www.photoindex.au/licensing,,15/8/2026,10 September 2026,https://d38zjy0x98992m.cloudfront.net/01a08920-54ed-71db-868c-207664ad16bd/PX-20260815-0894-Pano_medthumb.jpg;https://d38zjy0x98992m.cloudfront.net/01a08920-8c52-7f4d-b292-423d0a71852a/PX-20260815-0903_medthumb.jpg;https://d38zjy0x98992m.cloudfront.net/01a08920-ec85-7f9b-9cd1-a783ba7e7168/PX-20260815-0910-Pano_medthumb.jpg;https://d38zjy0x98992m.cloudfront.net/01a08921-17c9-7d2e-96c5-8411594b4a49/PX-20260815-0913_medthumb.jpg;https://d38zjy0x98992m.cloudfront.net/01a08921-38e6-71ce-9174-7ef00214d5e0/PX-20260815-0916_medthumb.jpg;https://d38zjy0x98992m.cloudfront.net/01a08921-5004-72c6-bbca-76623db17276/PX-20260815-0919_medthumb.jpg,https://d38zjy0x98992m.cloudfront.net/01a08920-54ed-71db-868c-207664ad16bd/PX-20260815-0894-Pano_wqxga.jpg;https://d38zjy0x98992m.cloudfront.net/01a08920-8c52-7f4d-b292-423d0a71852a/PX-20260815-0903_wqxga.jpg;https://d38zjy0x98992m.cloudfront.net/01a08920-ec85-7f9b-9cd1-a783ba7e7168/PX-20260815-0910-Pano_wqxga.jpg;https://d38zjy0x98992m.cloudfront.net/01a08921-17c9-7d2e-96c5-8411594b4a49/PX-20260815-0913_wqxga.jpg;https://d38zjy0x98992m.cloudfront.net/01a08921-38e6-71ce-9174-7ef00214d5e0/PX-20260815-0916_wqxga.jpg;https://d38zjy0x98992m.cloudfront.net/01a08921-5004-72c6-bbca-76623db17276/PX-20260815-0919_wqxga.jpg,"275 Wickham Street;275 Wickham Street, Fortitude Valley"
"Wickham Street, Fortitude Valley",Fortitude Valley,-27.455153,153.034561,15/8/2026,1,275 Wickham Street,PX-20260815-0920,https://www.photoindex.au/media/01a0806c-5faa-7f3b-a289-fd0c98d0b329-275-wickham-street-fortitude-valley-august-2026,https://www.photoindex.au/licensing,,15/8/2026,10 September 2026,https://d38zjy0x98992m.cloudfront.net/01a08921-6f7c-7dc2-97c0-ce97355e13e9/PX-20260815-0920_medthumb.jpg,https://d38zjy0x98992m.cloudfront.net/01a08921-6f7c-7dc2-97c0-ce97355e13e9/PX-20260815-0920_wqxga.jpg,"275 Wickham Street;Wickham Street, Fortitude Valley"
Charlotte Street / Edward Street,,,,15/8/2026,7,Charlotte Street / Edward Street,PX-20260816-0698-Pano,https://www.photoindex.au/?search=Charlotte+Street+%2F+Edward+Street,https://www.photoindex.au/licensing,,15/8/2026,11 September 2026,https://d38zjy0x98992m.cloudfront.net/01a03c51-de70-7c20-a01c-15b028cf41cd/PX-20260816-0698-Pano_medthumb.jpg;https://d38zjy0x98992m.cloudfront.net/01a03c52-72a1-7afc-9a71-61204062714a/PX-20260816-0722-Pano_medthumb.jpg;https://d38zjy0x98992m.cloudfront.net/01a03c52-8227-7c1d-b00e-c6c71b137ef7/PX-20260816-0726-Pano_medthumb.jpg;https://d38zjy0x98992m.cloudfront.net/01a03c52-930e-7906-ad7e-6fe5cda1fc24/PX-20260816-0732-Pano_medthumb.jpg;https://d38zjy0x98992m.cloudfront.net/01a03c52-a46a-7da4-b2f5-e8b016d9f219/PX-2026081-0738-Pano_medthumb.jpg;https://d38zjy0x98992m.cloudfront.net/01a03c52-b2ad-7569-95ca-2b10180f9598/PX-20260816-0741-Pano_medthumb.jpg;https://d38zjy0x98992m.cloudfront.net/01a0415d-2659-7f4c-82f3-e3221614b907/PX-20260816-0751_medthumb.jpg,https://d38zjy0x98992m.cloudfront.net/01a03c51-de70-7c20-a01c-15b028cf41cd/PX-20260816-0698-Pano_wqxga.jpg;https://d38zjy0x98992m.cloudfront.net/01a03c52-72a1-7afc-9a71-61204062714a/PX-20260816-0722-Pano_wqxga.jpg;https://d38zjy0x98992m.cloudfront.net/01a03c52-8227-7c1d-b00e-c6c71b137ef7/PX-20260816-0726-Pano_wqxga.jpg;https://d38zjy0x98992m.cloudfront.net/01a03c52-930e-7906-ad7e-6fe5cda1fc24/PX-20260816-0732-Pano_wqxga.jpg;https://d38zjy0x98992m.cloudfront.net/01a03c52-a46a-7da4-b2f5-e8b016d9f219/PX-2026081-0738-Pano_wqxga.jpg;https://d38zjy0x98992m.cloudfront.net/01a03c52-b2ad-7569-95ca-2b10180f9598/PX-20260816-0741-Pano_wqxga.jpg;https://d38zjy0x98992m.cloudfront.net/01a0415d-2659-7f4c-82f3-e3221614b907/PX-20260816-0751_wqxga.jpg,Charlotte Street / Edward Street
"William Street (at Alice Street), Brisbane City",,,,11/8/2026,1,"William Street (at Alice Street), Brisbane City",PX-20260812-0949-Pano,https://www.photoindex.au/?search=William+Street+%28at+Alice+Street%29%2C+Brisbane+City,https://www.photoindex.au/licensing,,11/8/2026,12 September 2026,https://d38zjy0x98992m.cloudfront.net/01a092bd-a2c3-778d-ae16-7d28c8886073/PX-20260812-0949-Pano_medthumb.jpg,https://d38zjy0x98992m.cloudfront.net/01a092bd-a2c3-778d-ae16-7d28c8886073/PX-20260812-0949-Pano_wqxga.jpg,"William Street (at Alice Street), Brisbane City"
"Queen's Wharf Tower, Brisbane City",,,,11/8/2026,9,"Queen's Wharf Tower, Brisbane City",PX-20260812-0952,https://www.photoindex.au/?search=Queen%27s+Wharf+Tower%2C+Brisbane+City,https://www.photoindex.au/licensing,,11/8/2026,12 September 2026,https://d38zjy0x98992m.cloudfront.net/01a092bd-c403-7621-8941-5d246c45fb0b/PX-20260812-0952_medthumb.jpg;https://d38zjy0x98992m.cloudfront.net/01a092bd-e5fc-745b-b7b1-9a6a3e9403f4/PX-20260812-0958_medthumb.jpg;https://d38zjy0x98992m.cloudfront.net/01a092be-01e0-7169-b4a4-cd89f51aded8/PX-20260812-0959-Pano_medthumb.jpg;https://d38zjy0x98992m.cloudfront.net/01a092be-267f-78ee-bfa4-7f2dc8ca009e/PX-20260812-0963_medthumb.jpg;https://d38zjy0x98992m.cloudfront.net/01a092be-3f84-7ac0-a8eb-bdb256599fd1/PX-20260812-0965-Pano_medthumb.jpg;https://d38zjy0x98992m.cloudfront.net/01a092be-5bb9-76da-8ecb-44befb073db9/PX-20260812-0967-Pano_medthumb.jpg;https://d38zjy0x98992m.cloudfront.net/01a092be-961d-7fe7-ad06-adecf9328a01/PX-20260812-0975_medthumb.jpg;https://d38zjy0x98992m.cloudfront.net/01a092be-abb6-79fd-aefb-ad6b5a33a1aa/PX-20260812-0977_medthumb.jpg;https://d38zjy0x98992m.cloudfront.net/01a092be-beb9-7cf8-9b23-ac1c7f9cce02/PX-20260812-0979-Pano_medthumb.jpg,https://d38zjy0x98992m.cloudfront.net/01a092bd-c403-7621-8941-5d246c45fb0b/PX-20260812-0952_wqxga.jpg;https://d38zjy0x98992m.cloudfront.net/01a092bd-e5fc-745b-b7b1-9a6a3e9403f4/PX-20260812-0958_wqxga.jpg;https://d38zjy0x98992m.cloudfront.net/01a092be-01e0-7169-b4a4-cd89f51aded8/PX-20260812-0959-Pano_wqxga.jpg;https://d38zjy0x98992m.cloudfront.net/01a092be-267f-78ee-bfa4-7f2dc8ca009e/PX-20260812-0963_wqxga.jpg;https://d38zjy0x98992m.cloudfront.net/01a092be-3f84-7ac0-a8eb-bdb256599fd1/PX-20260812-0965-Pano_wqxga.jpg;https://d38zjy0x98992m.cloudfront.net/01a092be-5bb9-76da-8ecb-44befb073db9/PX-20260812-0967-Pano_wqxga.jpg;https://d38zjy0x98992m.cloudfront.net/01a092be-961d-7fe7-ad06-adecf9328a01/PX-20260812-0975_wqxga.jpg;https://d38zjy0x98992m.cloudfront.net/01a092be-abb6-79fd-aefb-ad6b5a33a1aa/PX-20260812-0977_wqxga.jpg;https://d38zjy0x98992m.cloudfront.net/01a092be-beb9-7cf8-9b23-ac1c7f9cce02/PX-20260812-0979-Pano_wqxga.jpg,"Queen's Wharf Tower, Brisbane City"
"Margaret Street (at William Street), Brisbane City",,,,11/8/2026,1,"Margaret Street (at William Street), Brisbane City",PX-20260812-0972,https://www.photoindex.au/?search=Margaret+Street+%28at+William+Street%29%2C+Brisbane+City,https://www.photoindex.au/licensing,,11/8/2026,12 September 2026,https://d38zjy0x98992m.cloudfront.net/01a092be-71f0-7ff2-9960-f370184456dc/PX-20260812-0972_medthumb.jpg,https://d38zjy0x98992m.cloudfront.net/01a092be-71f0-7ff2-9960-f370184456dc/PX-20260812-0972_wqxga.jpg,"Margaret Street (at William Street), Brisbane City"
"Queen's Wharf Residences, Brisbane City",,,,11/8/2026,1,"Queen's Wharf Residences, Brisbane City",PX-20260812-0973,https://www.photoindex.au/?search=Queen%27s+Wharf+Residences%2C+Brisbane+City,https://www.photoindex.au/licensing,,11/8/2026,12 September 2026,https://d38zjy0x98992m.cloudfront.net/01a092be-860a-73c9-8104-0c8bcc491537/PX-20260812-0973_medthumb.jpg,https://d38zjy0x98992m.cloudfront.net/01a092be-860a-73c9-8104-0c8bcc491537/PX-20260812-0973_wqxga.jpg,"Queen's Wharf Residences, Brisbane City"
"George Street (at Margaret Street), Brisbane City",,,,11/8/2026,2,"George Street (at Margaret Street), Brisbane City",PX-20260812-0990-Pano,https://www.photoindex.au/?search=George+Street+%28at+Margaret+Street%29%2C+Brisbane+City,https://www.photoindex.au/licensing,,11/8/2026,12 September 2026,https://d38zjy0x98992m.cloudfront.net/01a092be-d401-7083-8866-02289d647422/PX-20260812-0990-Pano_medthumb.jpg;https://d38zjy0x98992m.cloudfront.net/01a092be-eb4b-78b5-b9b4-8a5be72d1c12/PX-20260812-0997-Pano_medthumb.jpg,https://d38zjy0x98992m.cloudfront.net/01a092be-d401-7083-8866-02289d647422/PX-20260812-0990-Pano_wqxga.jpg;https://d38zjy0x98992m.cloudfront.net/01a092be-eb4b-78b5-b9b4-8a5be72d1c12/PX-20260812-0997-Pano_wqxga.jpg,"George Street (at Margaret Street), Brisbane City"
"30 Albert Street, Brisbane City",,,,11/8/2026,5,"30 Albert Street, Brisbane City",PX-20260812-1005-Pano,https://www.photoindex.au/?search=30+Albert+Street%2C+Brisbane+City,https://www.photoindex.au/licensing,,11/8/2026,12 September 2026,https://d38zjy0x98992m.cloudfront.net/01a092bf-0354-767c-8f0d-4a76ccf61bf9/PX-20260812-1005-Pano_medthumb.jpg;https://d38zjy0x98992m.cloudfront.net/01a092bf-1db9-7df4-a8d1-1cb74f10ff99/PX-20260812-1007-Pano_medthumb.jpg;https://d38zjy0x98992m.cloudfront.net/01a092bf-35c5-764f-a3fe-88d377137c83/PX-20260812-1009_medthumb.jpg;https://d38zjy0x98992m.cloudfront.net/01a092c3-685e-7a58-94b3-ae8c3cd28f02/PX-20260812-1017-Pano_medthumb.jpg;https://d38zjy0x98992m.cloudfront.net/01a092c2-9aaf-7efa-8d2c-f738d4de341e/PX-20260812-1027-Pano_medthumb.jpg,https://d38zjy0x98992m.cloudfront.net/01a092bf-0354-767c-8f0d-4a76ccf61bf9/PX-20260812-1005-Pano_wqxga.jpg;https://d38zjy0x98992m.cloudfront.net/01a092bf-1db9-7df4-a8d1-1cb74f10ff99/PX-20260812-1007-Pano_wqxga.jpg;https://d38zjy0x98992m.cloudfront.net/01a092bf-35c5-764f-a3fe-88d377137c83/PX-20260812-1009_wqxga.jpg;https://d38zjy0x98992m.cloudfront.net/01a092c3-685e-7a58-94b3-ae8c3cd28f02/PX-20260812-1017-Pano_wqxga.jpg;https://d38zjy0x98992m.cloudfront.net/01a092c2-9aaf-7efa-8d2c-f738d4de341e/PX-20260812-1027-Pano_wqxga.jpg,"30 Albert Street, Brisbane City"
"Albert Street Station, Brisbane City",,,,11/8/2026,14,"Albert Street Station, Brisbane City",PX-20260812-1034,https://www.photoindex.au/?search=Albert+Street+Station%2C+Brisbane+City,https://www.photoindex.au/licensing,,11/8/2026,12 September 2026,https://d38zjy0x98992m.cloudfront.net/01a092c2-6448-7643-90dd-5af5bf41685a/PX-20260812-1034_medthumb.jpg;https://d38zjy0x98992m.cloudfront.net/01a092c2-4058-74ca-80be-a73b0c19e4ab/PX-20260812-1036-Pano_medthumb.jpg;https://d38zjy0x98992m.cloudfront.net/01a092bf-471c-7d84-aca0-fdf4a47e72c8/PX-20260812-1038-Pano_medthumb.jpg;https://d38zjy0x98992m.cloudfront.net/01a092bf-5f0b-7615-9589-2de8b4249f82/PX-20260812-1045_medthumb.jpg;https://d38zjy0x98992m.cloudfront.net/01a092c2-1236-7198-bd18-346fb3775c8c/PX-20260812-1046_medthumb.jpg;https://d38zjy0x98992m.cloudfront.net/01a092c1-e9f4-7b0d-9d79-31d6b2fe2f77/PX-20260812-1048_medthumb.jpg;https://d38zjy0x98992m.cloudfront.net/01a092bf-7056-7e3b-9dc8-024c8e76ed31/PX-20260812-1050_medthumb.jpg;https://d38zjy0x98992m.cloudfront.net/01a092bf-834b-7c32-8c0f-778d18d84eb9/PX-20260812-1052-Pano_medthumb.jpg;https://d38zjy0x98992m.cloudfront.net/01a092bf-97d3-74d2-b6d0-3f9447f0b845/PX-20260812-1055_medthumb.jpg;https://d38zjy0x98992m.cloudfront.net/01a092bf-a959-7ef8-8a58-3318ce130868/PX-20260812-1056-Pano_medthumb.jpg;https://d38zjy0x98992m.cloudfront.net/01a092bf-c072-78e3-b741-abdad01f306f/PX-20260812-1059_medthumb.jpg;https://d38zjy0x98992m.cloudfront.net/01a092bf-d540-7046-b047-6c4e011b5458/PX-20260812-1061_medthumb.jpg;https://d38zjy0x98992m.cloudfront.net/01a092bf-eb3f-7ce0-a6ef-e102ef9d4968/PX-20260812-1064-Pano_medthumb.jpg;https://d38zjy0x98992m.cloudfront.net/01a092c0-00c7-7334-9407-f33a9486eb60/PX-20260812-1068_medthumb.jpg,https://d38zjy0x98992m.cloudfront.net/01a092c2-6448-7643-90dd-5af5bf41685a/PX-20260812-1034_wqxga.jpg;https://d38zjy0x98992m.cloudfront.net/01a092c2-4058-74ca-80be-a73b0c19e4ab/PX-20260812-1036-Pano_wqxga.jpg;https://d38zjy0x98992m.cloudfront.net/01a092bf-471c-7d84-aca0-fdf4a47e72c8/PX-20260812-1038-Pano_wqxga.jpg;https://d38zjy0x98992m.cloudfront.net/01a092bf-5f0b-7615-9589-2de8b4249f82/PX-20260812-1045_wqxga.jpg;https://d38zjy0x98992m.cloudfront.net/01a092c2-1236-7198-bd18-346fb3775c8c/PX-20260812-1046_wqxga.jpg;https://d38zjy0x98992m.cloudfront.net/01a092c1-e9f4-7b0d-9d79-31d6b2fe2f77/PX-20260812-1048_wqxga.jpg;https://d38zjy0x98992m.cloudfront.net/01a092bf-7056-7e3b-9dc8-024c8e76ed31/PX-20260812-1050_wqxga.jpg;https://d38zjy0x98992m.cloudfront.net/01a092bf-834b-7c32-8c0f-778d18d84eb9/PX-20260812-1052-Pano_wqxga.jpg;https://d38zjy0x98992m.cloudfront.net/01a092bf-97d3-74d2-b6d0-3f9447f0b845/PX-20260812-1055_wqxga.jpg;https://d38zjy0x98992m.cloudfront.net/01a092bf-a959-7ef8-8a58-3318ce130868/PX-20260812-1056-Pano_wqxga.jpg;https://d38zjy0x98992m.cloudfront.net/01a092bf-c072-78e3-b741-abdad01f306f/PX-20260812-1059_wqxga.jpg;https://d38zjy0x98992m.cloudfront.net/01a092bf-d540-7046-b047-6c4e011b5458/PX-20260812-1061_wqxga.jpg;https://d38zjy0x98992m.cloudfront.net/01a092bf-eb3f-7ce0-a6ef-e102ef9d4968/PX-20260812-1064-Pano_wqxga.jpg;https://d38zjy0x98992m.cloudfront.net/01a092c0-00c7-7334-9407-f33a9486eb60/PX-20260812-1068_wqxga.jpg,"Albert Street Station, Brisbane City"
"Brisbane Dental Hospital and College, Brisbane City",Brisbane City,-27.466999833333336,153.0230245,9/8/2026,6,Brisbane Dental Hospital and College,PX-20260809-1124,https://www.photoindex.au/media/01a0d341-b275-7402-b5a5-2b0ef29f2f1a-brisbane-dental-hospital-and-college-brisbane-city-august-202,https://www.photoindex.au/licensing,,9/8/2026;9/8/2026;9/8/2026;9/8/2026;9/8/2026;9/8/2026,25 September 2026,https://d38zjy0x98992m.cloudfront.net/01a0d341-b275-7402-b5a5-2b0ef29f2f1a/PX-20260809-1124_medthumb.jpg;https://d38zjy0x98992m.cloudfront.net/01a0d341-d500-7a44-b0c5-3e16f359c2c5/PX-20260809-1127_medthumb.jpg;https://d38zjy0x98992m.cloudfront.net/01a0d341-e944-7a80-9276-05f9c8d8974e/PX-20260809-1138_medthumb.jpg;https://d38zjy0x98992m.cloudfront.net/01a0d342-3691-740a-bbc2-76a1de831319/PX-20260809-1159-Pano_medthumb.jpg;https://d38zjy0x98992m.cloudfront.net/01a0d342-4f3a-7fe9-bd3c-5b1c9a64616e/PX-20260809-1162_medthumb.jpg;https://d38zjy0x98992m.cloudfront.net/01a0d342-f49c-7722-bb4d-37110f529a63/PX-20260809-1191-Pano_medthumb.jpg,https://d38zjy0x98992m.cloudfront.net/01a0d341-b275-7402-b5a5-2b0ef29f2f1a/PX-20260809-1124_wqxga.jpg;https://d38zjy0x98992m.cloudfront.net/01a0d341-d500-7a44-b0c5-3e16f359c2c5/PX-20260809-1127_wqxga.jpg;https://d38zjy0x98992m.cloudfront.net/01a0d341-e944-7a80-9276-05f9c8d8974e/PX-20260809-1138_wqxga.jpg;https://d38zjy0x98992m.cloudfront.net/01a0d342-3691-740a-bbc2-76a1de831319/PX-20260809-1159-Pano_wqxga.jpg;https://d38zjy0x98992m.cloudfront.net/01a0d342-4f3a-7fe9-bd3c-5b1c9a64616e/PX-20260809-1162_wqxga.jpg;https://d38zjy0x98992m.cloudfront.net/01a0d342-f49c-7722-bb4d-37110f529a63/PX-20260809-1191-Pano_wqxga.jpg,"Brisbane Dental Hospital and College;Brisbane Dental Hospital and College, Brisbane City"
"Brisbane City Hall, Brisbane City",Brisbane City,-27.468685333333337,153.02355833333334,9/8/2026,2,Brisbane City Hall,PX-20260809-1142,https://www.photoindex.au/media/01a0d341-fd6b-7d2a-a5ce-5f98f40a05ab-brisbane-city-hall-brisbane-city-august-2026,https://www.photoindex.au/licensing,,9/8/2026;9/8/2026;9/8/2026,25 September 2026,https://d38zjy0x98992m.cloudfront.net/01a0d341-fd6b-7d2a-a5ce-5f98f40a05ab/PX-20260809-1142_medthumb.jpg;https://d38zjy0x98992m.cloudfront.net/01a0d342-0e90-7b5a-9eb9-c29b79b1eae0/PX-20260809-1143-Pano_medthumb.jpg,https://d38zjy0x98992m.cloudfront.net/01a0d341-fd6b-7d2a-a5ce-5f98f40a05ab/PX-20260809-1142_wqxga.jpg;https://d38zjy0x98992m.cloudfront.net/01a0d342-0e90-7b5a-9eb9-c29b79b1eae0/PX-20260809-1143-Pano_wqxga.jpg,"Brisbane City Hall;Brisbane City Hall, Brisbane City"
"View of Suncorp Metway Plaza, Brisbane Dental Hospital and College, Turbot Place and 180 Brisbane from Albert Street, Brisbane City",Brisbane City,-27.467028,153.024033,9/8/2026,1,"View of Suncorp Metway Plaza, Brisbane Dental Hospital and College, Turbot Place and 180 Brisbane from Albert Street",PX-20260809-1166-Pano,https://www.photoindex.au/media/01a0d342-61f7-7331-bc9f-6d89d3f135b0-view-of-suncorp-metway-plaza-brisbane-dental-hospital-and-coll,https://www.photoindex.au/licensing,,9/8/2026,25 September 2026,https://d38zjy0x98992m.cloudfront.net/01a0d342-61f7-7331-bc9f-6d89d3f135b0/PX-20260809-1166-Pano_medthumb.jpg,https://d38zjy0x98992m.cloudfront.net/01a0d342-61f7-7331-bc9f-6d89d3f135b0/PX-20260809-1166-Pano_wqxga.jpg,"View of Suncorp Metway Plaza, Brisbane Dental Hospital and College, Turbot Place and 180 Brisbane from Albert Street;View of Suncorp Metway Plaza, Brisbane Dental Hospital and College, Turbot Place and 180 Brisbane from Albert Street, Brisbane City"
"View of Suncorp Metway Plaza from Albert Street, Brisbane City",Brisbane City,-27.467381,153.022950,9/8/2026,1,View of Suncorp Metway Plaza from Albert Street,PX-20260809-1172-Pano,https://www.photoindex.au/media/01a0d342-79df-70cb-bdb2-5ac72265a36b-view-of-suncorp-metway-plaza-from-albert-street-brisbane-city,https://www.photoindex.au/licensing,,9/8/2026,25 September 2026,https://d38zjy0x98992m.cloudfront.net/01a0d342-79df-70cb-bdb2-5ac72265a36b/PX-20260809-1172-Pano_medthumb.jpg,https://d38zjy0x98992m.cloudfront.net/01a0d342-79df-70cb-bdb2-5ac72265a36b/PX-20260809-1172-Pano_wqxga.jpg,"View of Suncorp Metway Plaza from Albert Street;View of Suncorp Metway Plaza from Albert Street, Brisbane City"
"View of Suncorp Metway Plaza and Mercure Brisbane King George Square from Albert Street, Brisbane City",Brisbane City,-27.467381,153.022950,9/8/2026,1,View of Suncorp Metway Plaza and Mercure Brisbane King George Square from Albert Street,PX-20260809-1179,https://www.photoindex.au/media/01a0d342-90d7-7e87-87c0-3edd8d216dc2-view-of-suncorp-metway-plaza-and-mercure-brisbane-king-george-s,https://www.photoindex.au/licensing,,9/8/2026,25 September 2026,https://d38zjy0x98992m.cloudfront.net/01a0d342-90d7-7e87-87c0-3edd8d216dc2/PX-20260809-1179_medthumb.jpg,https://d38zjy0x98992m.cloudfront.net/01a0d342-90d7-7e87-87c0-3edd8d216dc2/PX-20260809-1179_wqxga.jpg,"View of Suncorp Metway Plaza and Mercure Brisbane King George Square from Albert Street;View of Suncorp Metway Plaza and Mercure Brisbane King George Square from Albert Street, Brisbane City"
"Heritage Lanes, Brisbane City",Brisbane City,-27.4683785,153.02226875000002,9/8/2026,4,Heritage Lanes,PX-20260809-1182,https://www.photoindex.au/media/01a0d342-a270-7242-8880-abfac59dbf72-heritage-lanes-brisbane-city-august-2026,https://www.photoindex.au/licensing,,9/8/2026;9/8/2026;9/8/2026;9/8/2026,25 September 2026,https://d38zjy0x98992m.cloudfront.net/01a0d342-a270-7242-8880-abfac59dbf72/PX-20260809-1182_medthumb.jpg;https://d38zjy0x98992m.cloudfront.net/01a0d342-b3f4-72c1-bc03-af017fe9834f/PX-20260809-1183-Pano_medthumb.jpg;https://d38zjy0x98992m.cloudfront.net/01a0d342-cbd0-7db1-81d1-745ad846c6d2/PX-20260809-1188_medthumb.jpg;https://d38zjy0x98992m.cloudfront.net/01a0d342-df75-7e34-83f6-3773d9f53087/PX-20260809-1189_medthumb.jpg,https://d38zjy0x98992m.cloudfront.net/01a0d342-a270-7242-8880-abfac59dbf72/PX-20260809-1182_wqxga.jpg;https://d38zjy0x98992m.cloudfront.net/01a0d342-b3f4-72c1-bc03-af017fe9834f/PX-20260809-1183-Pano_wqxga.jpg;https://d38zjy0x98992m.cloudfront.net/01a0d342-cbd0-7db1-81d1-745ad846c6d2/PX-20260809-1188_wqxga.jpg;https://d38zjy0x98992m.cloudfront.net/01a0d342-df75-7e34-83f6-3773d9f53087/PX-20260809-1189_wqxga.jpg,"Heritage Lanes;Heritage Lanes, Brisbane City"
"Roma Street Station, Brisbane City",Brisbane City,-27.466143999999993,153.01808099999997,9/8/2026,9,Roma Street Station,PX-20260809-1208,https://www.photoindex.au/media/01a0d343-67f2-77af-996b-80e49f0e2c3b-roma-street-station-brisbane-city-august-2026,https://www.photoindex.au/licensing,,9/8/2026;9/8/2026;9/8/2026;9/8/2026;9/8/2026;9/8/2026;9/8/2026;9/8/2026;9/8/2026,25 September 2026,https://d38zjy0x98992m.cloudfront.net/01a0d343-67f2-77af-996b-80e49f0e2c3b/PX-20260809-1208_medthumb.jpg;https://d38zjy0x98992m.cloudfront.net/01a0d343-7beb-7834-b353-577d499e1e75/PX-20260809-1223_medthumb.jpg;https://d38zjy0x98992m.cloudfront.net/01a0d343-939a-760c-b4b8-9d53117a36e1/PX-20260809-1225_medthumb.jpg;https://d38zjy0x98992m.cloudfront.net/01a0d343-a960-70f4-84df-9da0b6769122/PX-20260809-1227_medthumb.jpg;https://d38zjy0x98992m.cloudfront.net/01a0d343-c3d2-7d8f-ae1a-7ec74aa7debf/PX-20260809-1228-Pano_medthumb.jpg;https://d38zjy0x98992m.cloudfront.net/01a0d343-e253-7f75-a47d-74a2af3fbbe3/PX-20260809-1241_medthumb.jpg;https://d38zjy0x98992m.cloudfront.net/01a0d343-fb49-77f9-91db-92672ee29227/PX-20260809-1243_medthumb.jpg;https://d38zjy0x98992m.cloudfront.net/01a0d344-0e54-7d11-8607-7e17f1fbcf4f/PX-20260809-1250_medthumb.jpg;https://d38zjy0x98992m.cloudfront.net/01a0d344-1f16-70a7-9109-3bd69fd30bc7/PX-20260809-1253_medthumb.jpg,https://d38zjy0x98992m.cloudfront.net/01a0d343-67f2-77af-996b-80e49f0e2c3b/PX-20260809-1208_wqxga.jpg;https://d38zjy0x98992m.cloudfront.net/01a0d343-7beb-7834-b353-577d499e1e75/PX-20260809-1223_wqxga.jpg;https://d38zjy0x98992m.cloudfront.net/01a0d343-939a-760c-b4b8-9d53117a36e1/PX-20260809-1225_wqxga.jpg;https://d38zjy0x98992m.cloudfront.net/01a0d343-a960-70f4-84df-9da0b6769122/PX-20260809-1227_wqxga.jpg;https://d38zjy0x98992m.cloudfront.net/01a0d343-c3d2-7d8f-ae1a-7ec74aa7debf/PX-20260809-1228-Pano_wqxga.jpg;https://d38zjy0x98992m.cloudfront.net/01a0d343-e253-7f75-a47d-74a2af3fbbe3/PX-20260809-1241_wqxga.jpg;https://d38zjy0x98992m.cloudfront.net/01a0d343-fb49-77f9-91db-92672ee29227/PX-20260809-1243_wqxga.jpg;https://d38zjy0x98992m.cloudfront.net/01a0d344-0e54-7d11-8607-7e17f1fbcf4f/PX-20260809-1250_wqxga.jpg;https://d38zjy0x98992m.cloudfront.net/01a0d344-1f16-70a7-9109-3bd69fd30bc7/PX-20260809-1253_wqxga.jpg,"Roma Street Station;Roma Street Station, Brisbane City"
"205 North Quay, Brisbane City",Brisbane City,-27.467833,153.018794,9/8/2026,4,205 North Quay,PX-20260809-1258-Pano,https://www.photoindex.au/media/01a0d344-320d-74fd-9920-2d6b77e1f5e3-205-north-quay-brisbane-city-august-2026,https://www.photoindex.au/licensing,,9/8/2026;9/8/2026;9/8/2026;9/8/2026,25 September 2026,https://d38zjy0x98992m.cloudfront.net/01a0d344-320d-74fd-9920-2d6b77e1f5e3/PX-20260809-1258-Pano_medthumb.jpg;https://d38zjy0x98992m.cloudfront.net/01a0d344-4dbc-7fe4-854c-dd8440506b3c/PX-20260809-1278_medthumb.jpg;https://d38zjy0x98992m.cloudfront.net/01a0d344-62ef-79e5-9752-e4f0351210d7/PX-20260809-1283_medthumb.jpg;https://d38zjy0x98992m.cloudfront.net/01a0d344-7d40-7315-beed-aeb33467153e/PX-20260809-1298_medthumb.jpg,https://d38zjy0x98992m.cloudfront.net/01a0d344-320d-74fd-9920-2d6b77e1f5e3/PX-20260809-1258-Pano_wqxga.jpg;https://d38zjy0x98992m.cloudfront.net/01a0d344-4dbc-7fe4-854c-dd8440506b3c/PX-20260809-1278_wqxga.jpg;https://d38zjy0x98992m.cloudfront.net/01a0d344-62ef-79e5-9752-e4f0351210d7/PX-20260809-1283_wqxga.jpg;https://d38zjy0x98992m.cloudfront.net/01a0d344-7d40-7315-beed-aeb33467153e/PX-20260809-1298_wqxga.jpg,"205 North Quay;205 North Quay, Brisbane City"
"Roma Street, Brisbane City",Brisbane City,-27.466144,153.018081,9/8/2026,4,Roma Street,PX-20260809-1302,https://www.photoindex.au/media/01a0d344-8ee4-72b4-8b11-49b533d358f5-roma-street-brisbane-city-august-2026,https://www.photoindex.au/licensing,,9/8/2026;9/8/2026;9/8/2026;9/8/2026,25 September 2026,https://d38zjy0x98992m.cloudfront.net/01a0d344-8ee4-72b4-8b11-49b533d358f5/PX-20260809-1302_medthumb.jpg;https://d38zjy0x98992m.cloudfront.net/01a0d344-aa7f-7f87-ae1e-d3fa439b2642/PX-20260809-1305_medthumb.jpg;https://d38zjy0x98992m.cloudfront.net/01a0d344-c5cf-72cc-aaf2-fc9b79b616e2/PX-20260809-1307_medthumb.jpg;https://d38zjy0x98992m.cloudfront.net/01a0d344-d5af-7612-a26b-f07d2532cc8b/PX-20260809-1308_medthumb.jpg,https://d38zjy0x98992m.cloudfront.net/01a0d344-8ee4-72b4-8b11-49b533d358f5/PX-20260809-1302_wqxga.jpg;https://d38zjy0x98992m.cloudfront.net/01a0d344-aa7f-7f87-ae1e-d3fa439b2642/PX-20260809-1305_wqxga.jpg;https://d38zjy0x98992m.cloudfront.net/01a0d344-c5cf-72cc-aaf2-fc9b79b616e2/PX-20260809-1307_wqxga.jpg;https://d38zjy0x98992m.cloudfront.net/01a0d344-d5af-7612-a26b-f07d2532cc8b/PX-20260809-1308_wqxga.jpg,"Roma Street;Roma Street, Brisbane City"
Title,,,,8/8/2026,2,Title,PX-20260809-1193-Pano,https://www.photoindex.au/?search=Title,https://www.photoindex.au/licensing,,8/8/2026,25 September 2026,https://d38zjy0x98992m.cloudfront.net/01a0d343-183f-77c3-ba1a-0fe1e37cdeed/PX-20260809-1193-Pano_medthumb.jpg;https://d38zjy0x98992m.cloudfront.net/01a0d343-46e0-7f45-b373-b8a5b50278a5/PX-20260809-1203-Pano_medthumb.jpg,https://d38zjy0x98992m.cloudfront.net/01a0d343-183f-77c3-ba1a-0fe1e37cdeed/PX-20260809-1193-Pano_wqxga.jpg;https://d38zjy0x98992m.cloudfront.net/01a0d343-46e0-7f45-b373-b8a5b50278a5/PX-20260809-1203-Pano_wqxga.jpg,Title
