file_name;uuid;title;description;alt_text;location;city;state;region;country;keywords;model_release;property_release;date_created;mime_type;file_size;height;width;license_types;License price link HTML code;copyright;author
PX-20260816-0697.jpg;01a03c51-c40f-7583-a829-334850259441;Edward Street / Charlotte Street, 16 August 2026;View down Edward Street toward its intersection with Charlotte Street in Brisbane City. The Victory Hotel's heritage facade sits at street level, with an unnamed high rise tower directly above it and Riparian Plaza visible further back in the CBD skyline. Photographed in early morning light.;Street view of Edward Street in Brisbane City looking toward Charlotte Street, showing the Victory Hotel building and high rise;;Brisbane;QLD;;Australia;2026, australia, australian city, awning, bike lane, blue sky, brisbane, brisbane city, brisbane inner city, building exterior, building facade, business area, car, cbd, central business district, city center, city tourism, cityscape, clear sky, cloudy sky, commercial, commercial district, concrete, corner building, crossing, crosswalk, daylight, daytime, downtown, empty street, existing condition, festival brisbane banner, financial district, footpath, glass, glass facade, golden hour, high density, high rise, high rise buildings, historic building, hospitality, hotel, intersection, low traffic, metropolitan, mixed architecture, modern architecture, morning, neon sign, office, office buildings, old and new contrast, outdoor advertising, painted brick, parked car, pavement, pedestrian, pub, queensland, red building, reflection, retail, road markings, shadow, sidewalk, signage, skyline, skyscraper, street, street level, street light, street signage, street view, streetscape, tower, traffic light, traffic lights, travel destination, trees, upward perspective, urban, urban landscape, victory hotel, wide view, xxx beer sign;;;2026-08-15 20:48:09 UTC;image/jpeg;5179378;5890;4481;;;© 2026 All rights reserved.;Anka Boychev
PX-20260816-0698-Pano.jpg;01a03c51-de70-7c20-a01c-15b028cf41cd;Edward Street / Charlotte Street, 16 August 2026;Panoramic view down Edward Street toward Charlotte Street in Brisbane City. The Stock Exchange Hotel and the Victory Hotel sit at street level on opposite corners, with Riparian Plaza and the surrounding CBD towers rising behind them. Photographed in early morning light.;Panoramic street view of Edward Street in Brisbane City, showing the Stock Exchange Hotel and Victory Hotel corner buildings aga;;Brisbane;QLD;;Australia;2026, architecture contrast, australia, australian city, awning, bar, blue sky, brisbane, brisbane city, brisbane inner city, building exterior, building facade, business area, cars parked, cbd, central business district, city center, city morning, city trees, cityscape, clear sky, cloudy sky, commercial, commercial district, concrete, corner building, crossing, crosswalk, daylight, daytime, downtown, empty street, existing condition, financial district, footpath, glass, glass facade, golden hour, high density, high rise, high rise buildings, historic building, hospitality, hotel, intersection, metropolitan, modern architecture, morning, no people, office, office buildings, old and new architecture, outdoor, painted brick, pavement, pub, queensland, red building, reflection, rendered finish, retail, road markings, shadow, sidewalk, signage, skyline, skyscrapers, stock exchange hotel, storefronts, street, street level, street light, street view, streetscape, tourism, tower, traffic light, traffic lights, travel destination, trees, upward perspective, urban, urban landscape, victory hotel, wide angle, wide view;;;2026-08-15 20:49:07 UTC;image/jpeg;7393118;5801;6724;;;© 2026 All rights reserved.;Anka Boychev
PX-20260816-0701.jpg;01a03c51-efba-7a22-a843-bd102127ce71;;;;Brisbane City;Brisbane;Queensland;;Australia;accommodation, arched windows, architectural contrast, australia, australian architecture, balconies, brick and concrete, brick facade, brisbane, brisbane city, cbd, central business district, city architecture, city center, city hotel, city street, classic architecture, clear sky, commercial building, contrasting architecture, corner building, daylight, downtown, early 20th century style, heritage building, heritage facade, high rise tower, historic and modern, historic hotel, hotel embassy, intersection, mixed use building, modern skyscraper, multi storey, office building, omega store, pedestrian area, queensland, red brick, residential tower, retail frontage, shopfronts, street corner, street view, tourism, traffic lights, travel destination, urban design, urban landscape, urban streetscape;;;2026-08-15 20:53:56 UTC;image/jpeg;7349810;6720;4480;;;© 2026 Anka Boychev. All rights reserved.;Anka Boychev
PX-20260816-0703-Pano.jpg;01a03c52-0040-7e74-ac4c-33350b249298;Edward Street / Elizabeth Street, 16 August 2026;View along Edward Street toward Elizabeth Street in Brisbane City. Hotel Embassy sits at street level, with the Hilton Brisbane tower rising behind it. Photographed in early morning light.;Street view of Edward Street in Brisbane City, showing Hotel Embassy and the Hilton Brisbane tower in early morning light.;;Brisbane;QLD;;Australia;2026, apartment building, architecture photography, australia, australian city, balconies, bike lane, brick building, brisbane, brisbane city, brisbane inner city, building exterior, building facade, cafe, cars, cbd, central business district, city street, city tourism, cityscape, clear sky, commercial, commercial district, concrete, corner building, crossing, crosswalk, daylight, daytime, downtown, dusk light, edward st, existing condition, footpath, glass, golden hour, green bike lane, heritage building, high density, high rise, high rise building, historic facade, hospitality, hotel, hotel embassy, intersection, mid rise building, mixed architecture, morning, office, office tower, outdoor, painted brick, pavement, pedestrian area, public space, queensland, restaurant, retail shops, road markings, shadow, sidewalk, signage, skyline, storefronts, street corner, street level, street light, street photography, street sign, street trees, street view, streetscape, tower, traffic light, traffic lights, twilight, upward perspective, urban scene, urban skyline, urban traffic, urban travel, wide view, windows;;;2026-08-15 20:56:55 UTC;image/jpeg;7349113;5372;6716;;;© 2026 All rights reserved.;Anka Boychev
PX-20260816-0709-Pano.jpg;01a03c52-1062-7f7d-9480-017f3b1d0b46;Edward Street / Queen Street, 16 August 2026;View down Edward Street toward Queen Street in Brisbane City. MacArthur Central's retail podium is visible at street level, with Woolworths, JB Hi-Fi and TAG Heuer signage on the facade, photographed in bright morning daylight.;Street view of Edward Street toward Queen Street in Brisbane City, showing the MacArthur Central retail building with shopfront;;Brisbane;QLD;;Australia;2026, advertising signs, australia, australian city, awning, billboard, brick building, brisbane, brisbane city, brisbane inner city, building exterior, building facade, car, cbd, central business district, city art, city street, cityscape, clear sky, commercial, commercial architecture, concrete, corner building, crossing, crosswalk, daylight, daytime, delivery van, downtown, downtown brisbane, electronics store, empty street, existing condition, footpath, frontal view, glass, glass facade, high density, high rise buildings, intersection, jb hi fi, mid rise, modern architecture, morning, mural, no people, office buildings, outdoor, pavement, pedestrian area, planting, public street, queensland, retail, retail corner, retail stores, road markings, screen, shadow, shop signs, shopfront, shopping centre, shopping district, sidewalk, signage, skyscraper, storefronts, street corner, street level, street light, street trees, street view, streetscape, supermarket, tag heuer, traffic light, traffic lights, traffic signal, tree, urban landscape, urban scene, watch store, wide view, woolworths;;;2026-08-15 20:59:09 UTC;image/jpeg;8635822;5505;6722;;;© 2026 All rights reserved.;Anka Boychev
PX-20260816-0711.jpg;01a03c52-2312-7338-bbfd-75575c9700a5;Edward Street / Queen Street, 16 August 2026;Closer street view of the MacArthur Central retail building at Edward Street and Queen Street in Brisbane City. Woolworths, Big W and TAG Heuer signage is visible on the facade, photographed in bright morning daylight with a clear sky.;Street view of the MacArthur Central building facade with Woolworths and TAG Heuer signage at Edward Street and Queen Street in;;Brisbane;QLD;;Australia;2026, apartment buildings, architecture detail, australia, australian city, big w, brand signage, brisbane, brisbane city, brisbane inner city, building exterior, building facade, central business district, city center, city street, cityscape, clear sky, commercial, commercial buildings, concrete, corner building, crossing, crosswalk, daylight, daytime, downtown, downtown brisbane, early morning, empty street, existing condition, footpath, glass, glass facade, high rise buildings, intersection, jbhifi, mid rise, modern architecture, modern facade, morning, mural, no traffic, oblique view, office buildings, outdoor, pavement, pedestrian crossing, queensland, queensland city, quiet city, retail, retail district, road markings, screen, shadow, shop signs, shopfront, shopping centre, sidewalk, signage, skyscrapers, storefronts, street art, street level, street light, street trees, street view, streetscape, supermarket, tag heuer, traffic light, traffic lights, urban canyon, urban lifestyle, urban scene, wide view, woolworths;;;2026-08-15 20:59:48 UTC;image/jpeg;6171420;6722;4481;;;© 2026 All rights reserved.;Anka Boychev
PX-20260816-0712-Pano.jpg;01a03c52-3141-762d-a181-8404d818c75a;167 Edward Street, 16 August 2026;Street view of 167 Edward Street in Brisbane City, showing the Hermès and Montblanc shopfronts at ground level beneath a curved-facade residential tower behind. Photographed in morning daylight.;Street view of 167 Edward Street in Brisbane City, showing the Hermès and Montblanc shopfronts and a curved tower facade above.;;Brisbane;QLD;;Australia;2026, art deco architecture, australia, australian city, awning, brand signage, brick, brisbane, brisbane city, brisbane inner city, building exterior, building facade, business district, cbd, central business district, city street, cityscape, clear sky, commercial, commercial district, concrete, concrete building, curved building, curved facade, daylight, downtown, downtown shopping, early morning, empty street, existing condition, face brick, footpath, glass, glass facade, hermes, hermes store, high density, high rise, high rise buildings, intersection, jll building, luxury boutique, luxury retail, modern architecture, modern skyscrapers, montblanc, morning, no people, office towers, one way sign, outdoor lighting, overcast sky, pavement, pedestrian crossing, planting, qic building, queensland, quiet street, red light, residential, residential tower, retail, retail storefront, road markings, shadow, shopfront, shopping area, sidewalk, signage, storefront window display, street corner, street level, street light, street view, streetscape, traffic lights, tree, tree lined street, upward perspective, urban architecture, urban scene, wide view;;;2026-08-15 21:03:14 UTC;image/jpeg;6559102;5786;6726;;;© 2026 All rights reserved.;Anka Boychev
PX-20260816-0715.jpg;01a03c52-4044-7779-a1b2-663802b14469;171 Edward Street, 16 August 2026;Street view of 171 Edward Street in Brisbane City, showing The Hour Glass shopfront at ground level with The Gold Tower and Felix Tower visible in the background. Photographed in morning daylight.;Street view of 171 Edward Street in Brisbane City, showing The Hour Glass shopfront with  with The Gold Tower and Felix Tower be;;Brisbane;QLD;;Australia;2026, australia, awning, brisbane, brisbane city, brisbane inner city, building exterior, building facade, clear sky, commercial, concrete, crossing, daylight, existing condition, footpath, glass, high rise, morning, oblique view, painted brick, pavement, queensland, rendered finish, retail, shadow, shopfront, showroom, signage, street level, street light, street view, streetscape, tower, traffic light, wide view;;;2026-08-15 21:04:53 UTC;image/jpeg;5109497;4342;6513;;;© 2026 All rights reserved.;Anka Boychev
PX-20260816-0720-Pano.jpg;01a03c52-5b8c-7319-8d5b-084c377ca2eb;143 Edward Street, 16 August 2026;Frontal street view of the Watson Brothers Building at 143 Edward Street in Brisbane City, a four-storey brick heritage facade with street trees in front of it. Photographed in morning daylight.;Street view of the Watson Brothers Building at 143 Edward Street in Brisbane City with a high rise tower behind it.;;Brisbane;QLD;;Australia;2026, brick, brisbane, brisbane city, brisbane inner city, building exterior, building facade, clear sky, commercial, crossing, daylight, existing condition, face brick, footpath, frontal view, heritage, heritage architecture, morning, office, pavement, planting, queensland, shadow, signage, street level, street light, street view, streetscape, traffic light, tree, wide view;;;2026-08-15 21:11:39 UTC;image/jpeg;11350440;5512;6717;;;© 2026 All rights reserved.;Anka Boychev
PX-20260816-0722-Pano.jpg;01a03c52-72a1-7afc-9a71-61204062714a;Edward Street / Charlotte Street, 16 August 2026;"View of the Edward Street and Charlotte Street corner in Brisbane City. The Victory Hotel, at 127 Edward Street, sits at street level with its red heritage facade, and a corner of the dark-facade Stock Exchange Hotel is visible at the frame's left edge; an unnamed high rise tower and Felix Tower rise behind them. Photographed in morning daylight.";Street view of the Edward Street and Charlotte Street corner in Brisbane City, showing the red Victory Hotel, a corner of the da;;Brisbane;QLD;;Australia;2026, australia, awning, brisbane, brisbane city, brisbane inner city, building exterior, building facade, cityscape, clear sky, commercial, concrete, corner building, crossing, daylight, existing condition, footpath, glass, high density, high rise, hospitality, hotel, intersection, morning, office, painted brick, pavement, pub, queensland, shadow, signage, skyline, street level, street light, street view, streetscape, tower, traffic light, upward perspective, wide view;;;2026-08-15 21:13:31 UTC;image/jpeg;6849203;5695;6726;;;© 2026 All rights reserved.;Anka Boychev
PX-20260816-0726-Pano.jpg;01a03c52-8227-7c1d-b00e-c6c71b137ef7;Edward Street / Charlotte Street, 16 August 2026;Panoramic view of the Stock Exchange Hotel at the Edward Street and Charlotte Street corner in Brisbane City, with Riparian Plaza rising behind it. Photographed in early morning golden light.;Panoramic street view of the Stock Exchange Hotel corner building in Brisbane City with Riparian Plaza behind it in early mornin;;Brisbane;QLD;;Australia;2026, australia, awning, brisbane, brisbane city, brisbane inner city, building exterior, building facade, cityscape, clear sky, commercial, concrete, corner building, crossing, daylight, existing condition, footpath, glass, golden hour, high density, high rise, hospitality, hotel, intersection, morning, office, painted brick, pavement, pub, queensland, shadow, signage, skyline, street level, street light, street view, streetscape, tower, traffic light, upward perspective, wide view;;;2026-08-15 21:15:35 UTC;image/jpeg;6975766;5637;6556;;;© 2026 All rights reserved.;Anka Boychev
PX-20260816-0732-Pano.jpg;01a03c52-930e-7906-ad7e-6fe5cda1fc24;Edward Street / Charlotte Street, 16 August 2026;Wider view of the Edward Street and Charlotte Street corner in Brisbane City, showing the Stock Exchange Hotel, Riparian Plaza and the Victory Hotel together in the same frame. Photographed in early morning golden light.;Street view of the Edward Street and Charlotte Street corner in Brisbane City, showing the Stock Exchange Hotel, Riparian Plaza;;Brisbane;QLD;;Australia;2026, australia, awning, brisbane, brisbane city, brisbane inner city, building exterior, building facade, cityscape, clear sky, commercial, concrete, corner building, crossing, daylight, existing condition, footpath, glass, golden hour, high density, high rise, hospitality, hotel, intersection, morning, office, painted brick, pavement, pub, queensland, shadow, signage, skyline, street level, street light, street view, streetscape, tower, traffic light, upward perspective, wide view;;;2026-08-15 21:18:18 UTC;image/jpeg;8063165;5790;6664;;;© 2026 All rights reserved.;Anka Boychev
PX-2026081-0738-Pano.jpg;01a03c52-a46a-7da4-b2f5-e8b016d9f219;Charlotte Street / Edward Street, 16 August 2026;Panoramic view along Charlotte Street in Brisbane City, showing the Stock Exchange Hotel corner building with 123 Albert Street visible further down the street. Photographed in early morning light.;Panoramic street view of Charlotte Street in Brisbane City, showing the Stock Exchange Hotel with another high rise tower furthe;;Brisbane;QLD;;Australia;2026, australia, awning, brisbane, brisbane city, brisbane inner city, building exterior, building facade, cityscape, clear sky, commercial, concrete, corner building, crossing, daylight, existing condition, footpath, glass, high density, high rise, hospitality, hotel, morning, oblique view, office, painted brick, pavement, planting, pub, queensland, shadow, signage, street level, street light, street view, streetscape, tower, traffic light, tree, wide view;;;2026-08-15 21:23:22 UTC;image/jpeg;6166453;5771;6727;;;© 2026 All rights reserved.;Anka Boychev
PX-20260816-0741-Pano.jpg;01a03c52-b2ad-7569-95ca-2b10180f9598;Charlotte Street / Edward Street, 16 August 2026;Sreet view of the Stock Exchange Hotel at the Charlotte Street and Edward Street corner in Brisbane City. Photographed in early morning light.;Panoramic street view of the Stock Exchange Hotel at the Charlotte Street and Edward Street corner in Brisbane City in early mor;;Brisbane;QLD;;Australia;2026, australia, awning, brisbane, brisbane city, brisbane inner city, building exterior, building facade, clear sky, commercial, concrete, corner building, crossing, daylight, existing condition, footpath, frontal view, hospitality, hotel, intersection, morning, painted brick, pavement, planting, pub, queensland, shadow, signage, street level, street light, street view, streetscape, traffic light, tree, wide view;;;2026-08-15 21:26:28 UTC;image/jpeg;6352519;5711;6725;;;© 2026 All rights reserved.;Anka Boychev
PX-20260816-0751.jpg;01a03c52-c130-752c-b1e2-d90fe5137ee0;Title;Caption;Alt Text;;Brisbane;QLD;;Australia;Keywords;;;2026-08-15 21:38:43 UTC;image/jpeg;7865169;4479;6718;;;© 2026 All rights reserved.;Anka Boychev
PX-20260816-0752.jpg;01a03c52-d257-7bdd-a556-6ea4bdfe3711;Charlotte Street, 16 August 2026;Street view on Charlotte Street near the Saint Stephen's Cathedral precinct in Brisbane City, looking past a sandstone boundary wall toward the CBD skyline, including the pointed roof of Central Plaza 1 with its JLL signage. Photographed in morning daylight.;Street view near St Stephen's Cathedral on Charlotte Street in Brisbane City, showing a sandstone boundary wall with high rise t;;Brisbane;QLD;;Australia;2026, australia, brisbane, brisbane city, brisbane inner city, building exterior, cityscape, clear sky, commercial, concrete, daylight, existing condition, fence, glass, heritage, heritage architecture, high density, high rise, morning, office, place of worship, planting, queensland, shadow, signage, skyline, stone, street level, street view, streetscape, tower, tree, upward perspective, wide view;;;2026-08-15 21:40:55 UTC;image/jpeg;7468444;6722;4481;;;© 2026 All rights reserved.;Anka Boychev
PX-20260816-0754.jpg;01a03c52-e2e8-7722-8197-3fa5be83a2dc;71 Eagle Street, 16 August 2026;Close street view of Riparian Plaza's lower floors and colonnade at 71 Eagle Street in Brisbane City, with the reflective glass tower above it. Photographed in morning daylight.;Street view of Riparian Plaza's lower floors and columns at 71 Eagle Street in Brisbane City.;;Brisbane;QLD;;Australia;2026, australia, brisbane, brisbane city, brisbane inner city, Brisbane River, building exterior, building facade, clear sky, close view, commercial, concrete, daylight, existing condition, footpath, glass, high density, high rise, morning, office, pavement, podium, queensland, reflection, riverfront, shadow, street level, street light, street view, streetscape, tower, traffic light, upward perspective;;;2026-08-15 21:44:51 UTC;image/jpeg;5948600;6205;4485;;;© 2026 All rights reserved.;Anka Boychev
PX-20260816-0755-Pano.jpg;01a03c52-f0b3-7431-9fe4-9192039c6335;Eagle Street, 16 August 2026;Street view of the Waterfront Brisbane construction site on Eagle Street, formerly the Eagle Street Pier site, showing scaffolding and hoarding naming Dexus, John Holland and Deloitte on the tower under construction. Photographed in morning daylight.;Street view of a high rise tower under construction on Eagle Street in Brisbane City, covered in scaffolding with Dexus, John Ho;;Brisbane;QLD;;Australia;2026, Active Construction Site, australia, brisbane, brisbane city, brisbane inner city, Brisbane River, building exterior, cityscape, clear sky, commercial, concrete, construction impact, daylight, footpath, glass, high rise, morning, office, pavement, queensland, riverfront, scaffolding, signage, site hoarding, street level, street light, street view, streetscape, temporary fencing, tower, upward perspective, urban development, wide view;;;2026-08-15 21:46:06 UTC;image/jpeg;10229749;5812;6724;;;© 2026 All rights reserved.;Anka Boychev
PX-20260816-0757-Pano.jpg;01a03c53-05e0-722b-bd15-866b16bbfe5b;Eagle Street, 16 August 2026;Street view of the Waterfront Brisbane construction site on Eagle Street, with Dexus, John Holland and Deloitte hoarding visible and 175 Eagle Street in the background. Photographed in morning daylight.;Street view of a construction site on Eagle Street in Brisbane City with a high rise tower visible behind it.;;Brisbane;QLD;;Australia;2026, Active Construction Site, australia, brisbane, brisbane city, brisbane inner city, Brisbane River, building exterior, bus stop, cityscape, clear sky, commercial, concrete, construction impact, crane, daylight, footpath, glass, high rise, morning, oblique view, office, pavement, planting, queensland, riverfront, scaffolding, shadow, site hoarding, street level, street light, street view, streetscape, temporary fencing, tower, tree, urban development, wide view;;;2026-08-15 21:47:38 UTC;image/jpeg;11518372;6604;6714;;;© 2026 All rights reserved.;Anka Boychev
PX-20260816-0768.jpg;01a03c53-1d14-7147-8ae6-e21a2c0623bb;Mary Street / Felix Street, 16 August 2026;Street view of Naldham House, a heritage building dated 1888 on the corner of Mary Street and Felix Street in Brisbane City, with the Brisbane Skytower rising behind it. Photographed in morning daylight.;Street view of the heritage Naldham House building at Mary Street and Felix Street in Brisbane City, with a high rise tower behi;;Brisbane;QLD;;Australia;2026, australia, brisbane, brisbane city, brisbane inner city, building exterior, building facade, cityscape, clear sky, commercial, concrete, daylight, existing condition, fence, glass, heritage, heritage architecture, high density, high rise, intersection, morning, oblique view, planting, queensland, rendered finish, shadow, signage, stone, street level, street view, streetscape, tower, tree, wide view;;;2026-08-15 21:52:21 UTC;image/jpeg;7826147;6722;4481;;;© 2026 All rights reserved.;Anka Boychev
PX-20260816-0777-Pano.jpg;01a03c53-32c9-7a64-b289-941683ddae29;Eagle Street, 16 August 2026;Street view of the Waterfront Brisbane construction site on Eagle Street, with cranes rising above the site and Riparian Plaza visible in the background. Photographed in bright morning daylight.;Street view of the Waterfront Brisbane construction site on Eagle Street with cranes and Riparian Plaza in the background.;;Brisbane;QLD;;Australia;2026, Active Construction Site, australia, brisbane, brisbane city, brisbane inner city, Brisbane River, building exterior, cityscape, clear sky, commercial, concrete, construction impact, crane, daylight, footpath, glass, high rise, morning, office, pavement, planting, queensland, riverfront, scaffolding, site hoarding, skyline, street level, street light, street view, streetscape, temporary fencing, tower, tree, upward perspective, urban development, wide view;;;2026-08-15 21:55:23 UTC;image/jpeg;6992905;5754;6692;;;© 2026 All rights reserved.;Anka Boychev
PX-20260816-0780.jpg;01a03c53-42a3-7a3c-a659-d3e889641508;Edward Street, 16 August 2026;Street view of Edward House at 106 Edward Street in Brisbane City, a narrow heritage facade with modern retail shopfronts at ground level, between high rise glass towers. Photographed in daylight.;Street view of Edward House at 106 Edward Street in Brisbane City, a narrow heritage building with retail shopfronts, flanked by;;Brisbane;QLD;;Australia;2026, australia, awning, brisbane, brisbane city, brisbane inner city, building exterior, building facade, clear sky, commercial, concrete, daylight, existing condition, footpath, frontal view, glass, heritage, heritage architecture, high density, high rise, mid rise, painted brick, pavement, planting, queensland, rendered finish, retail, shadow, shopfront, signage, street level, street light, street view, streetscape, tree, wide view;;;2026-08-15 22:02:01 UTC;image/jpeg;8115851;6722;4481;;;© 2026 All rights reserved.;Anka Boychev
PX-20260816-0782.jpg;01a03c53-5453-730c-8558-39f6ef64be0e;Edward Street, 16 August 2026;Street view on Edward Street in Brisbane City, showing the two-storey former Henry Box & Son Coachbuilders Building at 104 Edward Street beside the taller Edward House at 106 Edward Street, with the curved facade of Mary Lane (111 Mary Street) rising behind them. Photographed in morning daylight.;Street view of two adjoining heritage buildings on Edward Street in Brisbane City, a white two-storey building and a taller bric;;Brisbane;QLD;;Australia;2026, australia, awning, brick, brisbane, brisbane city, brisbane inner city, building exterior, building facade, clear sky, commercial, curved facade, daylight, existing condition, face brick, footpath, glass, heritage, heritage architecture, high rise, mid rise, morning, oblique view, outdoor dining, pavement, planting, queensland, rendered finish, residential, retail, shadow, signage, street level, street light, street view, streetscape, tree, wide view;;;2026-08-15 22:03:34 UTC;image/jpeg;9004216;6724;4482;;;© 2026 All rights reserved.;Anka Boychev
PX-20260816-0783.jpg;01a03c53-67ad-7937-8e9d-0471dbf345b1;Edward Street, 16 August 2026;Street view on Edward Street in Brisbane City, showing the two-storey former Henry Box & Son Coachbuilders Building at 104 Edward Street beside the taller Edward House at 106 Edward Street, with the curved facade of Mary Lane (111 Mary Street) rising behind them. Photographed in morning daylight.;Street view of two adjoining heritage buildings on Edward Street in Brisbane City, a white two-storey building and a taller bric;;Brisbane;QLD;;Australia;2026, australia, awning, brick, brisbane, brisbane city, brisbane inner city, building exterior, building facade, clear sky, commercial, curved facade, daylight, existing condition, face brick, footpath, glass, heritage, heritage architecture, high rise, mid rise, morning, oblique view, outdoor dining, pavement, planting, queensland, rendered finish, residential, retail, shadow, signage, street level, street light, street view, streetscape, tree, wide view;;;2026-08-15 22:03:45 UTC;image/jpeg;10054193;4479;6718;;;© 2026 All rights reserved.;Anka Boychev
PX-20260816-0785.jpg;01a03c53-7e6a-7c6e-8142-ccb872a1f1e5;Edward Street / Margaret Street, 16 August 2026;Street view of the Port Office Hotel at 40 Edward Street in Brisbane City, showing its verandahs at the Margaret Street intersection, with The Grosvenor Apartments and the cylindrical form of Brisbane Skytower rising behind it. Photographed in bright daylight with a clear sky.;Street view of the Port Office Hotel at 40 Edward Street in Brisbane City, showing its verandahs on the street corner, with high;;Brisbane;QLD;;Australia;2026, australia, awning, balcony, brisbane, brisbane city, brisbane inner city, building exterior, building facade, cityscape, clear sky, commercial, concrete, corner building, crossing, daylight, existing condition, footpath, frontal view, glass, heritage, heritage architecture, high density, high rise, hospitality, intersection, low rise, painted brick, pavement, pub, queensland, residential, restaurant, shadow, signage, street level, street light, street view, streetscape, timber, traffic light, veranda, wide view;;;2026-08-15 22:06:54 UTC;image/jpeg;6422309;4480;6720;;;© 2026 All rights reserved.;Anka Boychev
PX-20260816-0786.jpg;01a03c53-8ec6-7106-87fd-1f0c1308bf63;Edward Street / Margaret Street, 16 August 2026;Street view of the Port Office Hotel at 40 Edward Street in Brisbane City, showing its verandahs at the Margaret Street intersection, with The Grosvenor Apartments and the cylindrical form of Brisbane Skytower rising behind it. Photographed in bright daylight with a clear sky.;Street view of the Port Office Hotel at 40 Edward Street in Brisbane City, showing its verandahs on the street corner, with high;;Brisbane;QLD;;Australia;2026, australia, awning, balcony, brisbane, brisbane city, brisbane inner city, building exterior, building facade, cityscape, clear sky, commercial, concrete, corner building, crossing, daylight, existing condition, footpath, frontal view, glass, heritage, heritage architecture, high density, high rise, hospitality, intersection, low rise, painted brick, pavement, pub, queensland, residential, restaurant, shadow, signage, street level, street light, street view, streetscape, timber, traffic light, veranda, wide view;;;2026-08-15 22:07:02 UTC;image/jpeg;4955261;6442;4295;;;© 2026 All rights reserved.;Anka Boychev
PX-20260816-0788-Pano.jpg;01a03c53-9af4-73f7-af78-849fb7daa6f7;Edward Street / Margaret Street, 16 August 2026;Street view of a row of heritage commercial buildings on Edward Street near Margaret Street in Brisbane City, including Spencer Chambers, with Brisbane Skytower and a blue glass tower rising behind them. Photographed in morning daylight.;Street view of a row of heritage buildings on Edward Street in Brisbane City, including the red-brick Spencer Chambers, with hig;;Brisbane;QLD;;Australia;2026, australia, brick, brisbane, brisbane city, brisbane inner city, building exterior, building facade, cityscape, clear sky, commercial, concrete, corner building, crossing, daylight, existing condition, face brick, footpath, glass, heritage, heritage architecture, high density, high rise, intersection, mid rise, morning, oblique view, pavement, planting, queensland, rendered finish, shadow, signage, street level, street light, street view, streetscape, traffic light, tree, wide view;;;2026-08-15 22:13:17 UTC;image/jpeg;7829009;5772;6192;;;© 2026 All rights reserved.;Anka Boychev
PX-20260816-0802.jpg;01a03c53-adc7-7839-bd7c-0e8559379d12;Coronation Drive, Milton, 16 August 2026;Street view of the Coronation Drive Office Park in Milton, showing a mid rise office building behind a row of trees with autumn-coloured foliage. Photographed at midday with a clear sky.;Street view of an office building at Coronation Drive Office Park in Milton, seen behind trees.;;Brisbane;QLD;;Australia;2026, australia, brisbane, building exterior, clear sky, commercial, concrete, crossing, daylight, existing condition, footpath, glass, metal, mid rise, midday, Milton, oblique view, office, pavement, planting, queensland, shadow, street level, street light, street view, streetscape, tree, wide view;;;2026-08-15 22:42:11 UTC;image/jpeg;6789634;5896;4481;;;© 2026 All rights reserved.;Anka Boychev
PX-20260816-0814-Pano.jpg;01a03c53-bd08-7ee0-841d-493c74c029d7;Coronation Drive, Milton, 16 August 2026;Street view of a Coronation Drive Office Park building in Milton, seen across the road behind a row of trees. Photographed at midday with a clear sky.;Street view of an office building at Coronation Drive Office Park in Milton, seen from across the road.;;Brisbane;QLD;;Australia;2026, australia, brisbane, building exterior, clear sky, commercial, concrete, crossing, daylight, existing condition, footpath, glass, metal, mid rise, midday, Milton, oblique view, office, pavement, planting, queensland, shadow, street level, street light, street view, streetscape, tree, wide view;;;2026-08-15 22:51:57 UTC;image/jpeg;8327123;5394;6720;;;© 2026 All rights reserved.;Anka Boychev
PX-20260816-0823-Pano.jpg;01a03c54-487d-7e84-b37f-6024c40fbc3a;Coronation Drive, Milton, 16 August 2026;Street view of a Coronation Drive Office Park building in Milton, largely obscured by a dense tree canopy in autumn colour. Photographed at midday with a clear sky.;Street view of an office building at Coronation Drive Office Park in Milton, mostly hidden by tree canopy.;;Brisbane;QLD;;Australia;2026, australia, brisbane, building exterior, clear sky, commercial, concrete, crossing, daylight, existing condition, footpath, glass, metal, mid rise, midday, Milton, oblique view, office, pavement, planting, queensland, shadow, street level, street light, street view, streetscape, tree, wide view;;;2026-08-15 22:57:49 UTC;image/jpeg;8332228;5450;6611;;;© 2026 All rights reserved.;Anka Boychev
PX-20260816-0827-Pano.jpg;01a03c54-5e20-7d82-87a9-9412dd85df0f;Coronation Drive, Milton, 16 August 2026;Street view of a Coronation Drive Office Park building in Milton, its low podium form set beside a mature palm tree. Photographed at midday with a clear sky.;Street view of an office building at Coronation Drive Office Park in Milton, next to a palm tree.;;Brisbane;QLD;;Australia;2026, australia, brisbane, building exterior, clear sky, commercial, concrete, crossing, daylight, existing condition, footpath, glass, metal, mid rise, midday, Milton, oblique view, office, pavement, planting, queensland, shadow, street level, street light, street view, streetscape, tree, wide view;;;2026-08-15 23:01:33 UTC;image/jpeg;6534738;5669;6644;;;© 2026 All rights reserved.;Anka Boychev
PX-20260816-0831-Pano.jpg;01a03c54-6e9f-7d3a-b090-33cd1f7d9e9b;Coronation Drive, Milton, 16 August 2026;"Close street view of the Coronation Drive Office Park ""Edge"" building in Milton, its green and glass facade set behind a service laneway. Photographed at midday with a clear sky.";Street view of the Edge building at Coronation Drive Office Park in Milton, seen from a service laneway.;;Brisbane;QLD;;Australia;2026, australia, brisbane, building exterior, clear sky, commercial, concrete, crossing, daylight, existing condition, footpath, glass, metal, mid rise, midday, Milton, oblique view, office, pavement, planting, queensland, shadow, street level, street light, street view, streetscape, tree, wide view;;;2026-08-15 23:07:57 UTC;image/jpeg;5681028;5785;6330;;;© 2026 All rights reserved.;Anka Boychev
PX-20260816-0835-Pano.jpg;01a03c54-7f34-715d-8c6b-be36821e387f;Coronation Drive, Milton, 16 August 2026;Caption;Alt Text;;Brisbane;QLD;;Australia;2026, australia, brisbane, building exterior, clear sky, commercial, concrete, crossing, daylight, existing condition, footpath, glass, metal, mid rise, midday, Milton, oblique view, office, pavement, planting, queensland, shadow, street level, street light, street view, streetscape, tree, wide view;;;2026-08-15 23:09:56 UTC;image/jpeg;4658973;5829;6115;;;© 2026 All rights reserved.;Anka Boychev
PX-20260816-0812-Pano.jpg;01a03c57-6181-7c91-b278-31f73c60331a;Coronation Drive, Milton, 16 August 2026;Street view of a Coronation Drive Office Park building in Milton, its mid rise facade largely screened by a tree canopy in autumn colour. Photographed at midday with a clear sky.;Street view of an office building at Coronation Drive Office Park in Milton, partly screened by trees.;;Brisbane;QLD;;Australia;2026, australia, brisbane, building exterior, clear sky, commercial, concrete, crossing, daylight, existing condition, footpath, glass, metal, mid rise, midday, Milton, oblique view, office, pavement, planting, queensland, shadow, street level, street light, street view, streetscape, tree, wide view;;;2026-08-15 22:49:44 UTC;image/jpeg;7913150;5752;6723;;;© 2026 All rights reserved.;Anka Boychev
PX-20260816-0718-Pano.jpg;01a03c59-1b47-7912-afb6-fef3cf6057c9;153 Edward Street, 16 August 2026;street view of 153 Edward Street in Brisbane City, showing The Hour Glass facade under scaffolding and hoarding at ground level, with Riparian Plaza's upper floors visible above the streetscape. Photographed in morning daylight.;Panoramic street view of Edward Street in Brisbane City, showing The Hour Glass shopfront under scaffolding with Riparian Plaza';;Brisbane;QLD;;Australia;2026, Active Construction Site, australia, brisbane, brisbane city, brisbane inner city, building exterior, building facade, clear sky, commercial, construction impact, daylight, footpath, glass, high rise, morning, painted brick, pavement, planting, queensland, rendered finish, retail, scaffolding, shopfront, signage, site hoarding, street level, street light, street view, streetscape, temporary fencing, tower, tree, upward perspective, wide view;;;2026-08-15 21:08:37 UTC;image/jpeg;7792072;5317;6717;;;© 2026 All rights reserved.;Anka Boychev
